Title,URL,Summary,Published Date,Source,Author
"MIT roboticists debate the future of robotics, data, and computing",https://www.therobotreport.com/mit-roboticists-debate-the-future-of-robotics-data-and-computing/,"ByThe Robot Report Staff|August 28, 2025",2025-08-29 11:27:31,therobotreport.com,ByThe Robot Report Staff
Nidec returns to RoboBusiness to demo advanced robotics gears,https://www.therobotreport.com/nidec-returns-to-robobusiness-to-demo-advanced-robotics-gears/,"ByThe Robot Report Staff|August 27, 2025",2025-08-29 11:27:31,therobotreport.com,ByThe Robot Report Staff
"e-con Systems adds camera, compute solutions for NVIDIA Jetson Thor",https://www.therobotreport.com/e-con-systems-adds-camera-compute-solutions-for-nvidia-jetson-thor/,"ByThe Robot Report Staff|August 27, 2025",2025-08-29 11:27:31,therobotreport.com,ByThe Robot Report Staff
John Deere strengthens agrobotics portfolio with GUSS acquisition,https://www.therobotreport.com/john-deere-strengthens-agrobotics-portfolio-with-guss-acquistion/,"ByBrianna Wessling|August 27, 2025",2025-08-29 11:27:31,therobotreport.com,ByBrianna Wessling
Intuitive laying off 331 workers in California,https://www.therobotreport.com/intuitive-laying-off-331-workers-in-california/,"BySean Whooley|August 27, 2025",2025-08-29 11:27:31,therobotreport.com,BySean Whooley
team,https://robohub.org/team/,,2025-08-29 11:27:39,robohub.org,
about,https://robohub.org/about/,,2025-08-29 11:27:39,robohub.org,
contribute,https://robohub.org/contribute/,,2025-08-29 11:27:39,robohub.org,
republish,https://robohub.org/republishing-guidelines/,,2025-08-29 11:27:39,robohub.org,
Why AOL’s Dial-Up Is Finally Ending,https://spectrum.ieee.org/end-of-aol-dial-up,But the dial-up modem isn’t necessarily going away anytime soon,2025-08-29 11:27:44,spectrum.ieee.org,
The Unlikely Revival of Nuclear Batteries,https://spectrum.ieee.org/nuclear-battery-revival,,2025-08-29 11:27:44,spectrum.ieee.org,
"An Engineer, a Printer, a Pacemaker",https://spectrum.ieee.org/rune-elmqvist,,2025-08-29 11:27:44,spectrum.ieee.org,
Operators Skeptical of AI in Data Centers,https://spectrum.ieee.org/ai-data-center-operator-trust,,2025-08-29 11:27:44,spectrum.ieee.org,
Why Natcast's CHIPS Act Funding Is in Jeopardy,https://spectrum.ieee.org/natcast,,2025-08-29 11:27:44,spectrum.ieee.org,
Robomart’s new autonomous vehicle challenges human delivery workers with $3 flat fee,https://roboticsandautomationnews.com/2025/08/27/robomarts-new-autonomous-vehicle-challenges-human-delivery-workers-with-3-flat-fee/93932/,,2025-08-29 11:27:52,roboticsandautomationnews.com,
More than half of developers say ‘LLMs can code better than humans’,https://roboticsandautomationnews.com/2025/08/28/more-than-half-of-developers-say-llms-can-code-better-than-humans/93980/,"A survey of 800 senior developers reveals rapid adoption of AI tools, but concerns remain around privacy, job loss, and accuracy.

With large language models (LLMs) rapidly becoming an unavoidable …...",2025-08-29 11:27:52,roboticsandautomationnews.com,
Reframe Systems raises $20 million to scale prefabricated construction ‘microfactories’,https://roboticsandautomationnews.com/2025/08/28/reframe-systems-raises-20-million-to-scale-prefabricated-construction-microfactories/93975/,"Reframe Systems, a start-up utilizing physical AI to tackle the housing crisis, has raised $20 million in Series A funding co-led by Eclipse and VoLo Earth Ventures with support from MassMutual …[Read...",2025-08-29 11:27:52,roboticsandautomationnews.com,
thansen launches ‘world’s biggest’ self-service in-store AutoStore,https://roboticsandautomationnews.com/2025/08/27/thansen-launches-worlds-biggest-self-service-in-store-autostore-system/93955/,"AutoStore, together with Element Logic, have launched what they say is “the world’s biggest” self-service in-store AutoStore system at thansen’s new store in Sofiemyr outside Oslo.

thansen is a …[R...",2025-08-29 11:27:52,roboticsandautomationnews.com,
Fanuc receives ‘major robot order from luxury car maker’,https://roboticsandautomationnews.com/2025/08/27/fanuc-receives-major-robot-order-from-luxury-car-maker/93941/,"Fanuc, the world’s largest industrial robot manufacturer, says it has received a “significant order” to supply a state-of-the-art paint system, including paint robots and advanced application …[Read M...",2025-08-29 11:27:52,roboticsandautomationnews.com,
ONDEX Automation acquires Vision and Control Systems (VCS),https://www.robotics247.com/article/ondex_automation_acquires_vision_and_control_systems_vcs,,2025-08-29 11:28:03,robotics247.com,
Boston Dynamics’ robot dog Spot eliminated in America’s Got Talent Quarterfinals,https://www.robotics247.com/article/boston_dynamics_robot_dog_spot_eliminated_in_americas_got_talent_quarterfinals,,2025-08-29 11:28:03,robotics247.com,
Walmart to deploy Ranpak AutoFill systems at its Next Generation Fulfillment Centers,https://www.robotics247.com/article/walmart_to_deploy_ranpak_autofill_systems_at_its_next_generation_fulfillment_centers,,2025-08-29 11:28:03,robotics247.com,
"Rebl Industries signs AI-powered robot deployment deals with H&M, IKEA",https://www.robotics247.com/article/rebl_industries_signs_ai_powered_robot_deployment_deals_with_hm_ikea,,2025-08-29 11:28:03,robotics247.com,
Big Joe donates custom walkie stacker to University of Wisconsin-Madison’s College of Engineering,https://www.robotics247.com/article/big_joe_donates_custom_walkie_stacker_to_university_of_wisconsin_madisons_college_of_engineering,,2025-08-29 11:28:03,robotics247.com,
ResinDek® TRIGARD® ESD ULTRA FOR HIGH-TRAFFIC ROBOTIC APPLICATIONS,https://www.roboticstomorrow.com/products.php?track=1028,,2025-08-29 11:28:16,roboticstomorrow.com,
Elmo Motion Control Inc.,https://www.roboticstomorrow.com/company_directory/elmo-motion-control-inc/10051,,2025-08-29 11:28:16,roboticstomorrow.com,
Why Sensor Resolution Matters More Than You Think in Vibration Control,https://www.roboticstomorrow.com/article/2025/07/why-sensor-resolution-matters-more-than-you-think-in-vibration-control/25229,Why Sensor Resolution Matters More Than You Think in Vibration Control,2025-08-29 11:28:16,roboticstomorrow.com,
Order Picking Methods: Finding the Right Strategy for You,https://www.roboticstomorrow.com/article/2025/07/order-picking-methods-finding-the-right-strategy-for-you/25232,Order Picking Methods: Finding the Right Strategy for You,2025-08-29 11:28:16,roboticstomorrow.com,
Adaptive Robots,https://www.roboticstomorrow.com/article/2025/07/adaptive-robots/25247,Adaptive Robots,2025-08-29 11:28:16,roboticstomorrow.com,
Engineering fantasy into reality,https://news.mit.edu/2025/erik-ballesteros-engineers-fantasy-into-reality-0826,PhD student Erik Ballesteros is building “Doc Ock” arms for future astronauts.,2025-08-29 11:28:22,news.mit.edu,
"Robot, know thyself: New vision-based system teaches machines to understand their bodies",https://news.mit.edu/2025/vision-based-system-teaches-machines-understand-their-bodies-0724,"Neural Jacobian Fields, developed by MIT CSAIL researchers, can learn to control any robot from a single camera, without any other sensors.",2025-08-29 11:28:22,news.mit.edu,
New tool gives anyone the ability to train a robot,https://news.mit.edu/2025/new-tool-gives-anyone-ability-to-train-robot-0717,MIT engineers designed a versatile interface that allows users to teach robots new skills in intuitive ways.,2025-08-29 11:28:22,news.mit.edu,
Simulation-based pipeline tailors training data for dexterous robots,https://news.mit.edu/2025/simulation-based-pipeline-tailors-training-data-dexterous-robots-0711,"The PhysicsGen system, developed by MIT researchers, helps robots handle items in homes and factories by tailoring training data to a particular machine.",2025-08-29 11:28:22,news.mit.edu,
"Supporting mission-driven space innovation, for Earth and beyond",https://news.mit.edu/2025/supporting-mission-driven-space-innovation-aurelia-institute-0710,"Aurelia Institute, founded by a team from MIT, serves as a research lab, an education and outreach center, and a policy hub for the space industry.",2025-08-29 11:28:22,news.mit.edu,
